ลำดับ,หมวดหมู่งู,หมวดหมู่ย่อย,ชื่อภาษาอังกฤษ,ชื่อไทย,ชื่อวิทยาศาสตร์,ลักษณะเด่น,ถิ่นอาศัย,อาหาร,พฤติกรรม,สถานภาพปัจจุบัน,อ้างอิง,รูป
1,Pythons,,Reticulated_python,งูเหลือม,Malayopython reticulatus (formerly as: Python reticulatus),มีปากใหญ่ ฟันแหลมคม ขากรรไกร แข็งแรงมาก หางยาวล าตัวสีน้ำตาลเทาถึงน้ำตาลเทาอมเหลืองมีลายข้าวหลามตัดบนหลังตลอดความยาวลำตัวมีลายจุดสีขาวประปรายหัวสีเหลืองมีเส้นสีดำกลางหัวลากจากปลายจมูกถึงคอและจากหางตาถึงขากรรไกรม่านตาหดตัวในแนวตั้งท้องสีขาวเกล็ดเรียบเกล็ด บริเวณกลางตัว ,มีทุกภาคในประเทศไทย พม่า มาเลเซีย สิงคโปร์ อาศัยอยู่บนต้นไม้และตามพื้นตั้งแต่พื้นที่ชุ่มน้ำบริเวณลุ่มน้ำจนถึงในป่าดิบชื้น,กินสัตว์แทบทุกชนิด เช่น เก้ง สุนัข กระต่าย หนู ไก่ เป็ด นก บางครั้งก็จับปลากินด้วย,เลื้อยช้าๆ ดุ ออกหากินกลางคืน หากินทั้งบนบกและในน้ำ อาศัยนอนตามโพรงดินโพรงไม้ในที่มืดและเย็น หลาย ๆ วันจึงจะออกหากินครั้งหนึ่ง,เป็นสัตว์ป่าคุ้มครอง ตามพระราชบัญญัติสงวนและคุ้มครองสัตว์ป่า พุทธศักราช 2535      ,https://dusit.zoothailand.org/animal_view.php?detail_id=202&c_id=,
2,Pythons,,Burmese_python,งูหลาม,Python bivittatus,ขนาดลำตัวใหญ่ ส่วนหัวเป็นรูปสามเหลี่ยมและมีกลุ่มเกล็ดรูปสามเหลี่ยมสีน้ำตาลเข้ม ส่วนหัวสามเหลี่ยมชี้ไปทางปลายจมูก สีเกล็ดส่วนใหญ่สีเหลืองปนน้ำตาล มีกลุ่มเกล็ดขนาดใหญ่สีน้ำตาลเข้มขอบดำกระจายอยู่ทั่วลำตัว สีเกล็ดท้องสีขาวหรือน้ำตาลอ่อน                                                                                                                                                                                                                                                                                                                    ,มักพบในป่าชายเลน ป่าดิบชื้น รวมทั้งทุ่งหญ้า ป่าใกล้ลำธาร บึงและแม่น้ำ งูหลามพม่ามีการกระจายพันธุ์ในพื้นที่เอเชียใต้และตะวันออกเฉียงใต้ ตั้งแต่อินเดียตะวันออก ภูฐาน บังคลาเทศ เมียนมาร์ ไทย ลาว เขมร เวียดนาม มาเลเซีย และจีนตอนใต้,สัตว์เหยื่อหลักคือ นกและสัตว์เลี้ยงลูกด้วยน้ำนม รวมทั้งกลุ่มกบและสัตว์เลื้อยคลาน เป็นผู้ล่าที่ซุ่มรอเหยื่อถ้าสัตว์เหยื่อเข้ามาใกล้จะฉกจับด้วยปากที่มีฟันแหลมคม จากนั้นจะใช้ลำตัวรัดเหยื่อ เมื่อสัตว์ตายงูหลามจะกลืนเหยื่อทั้งตัว,มีกิจกรรมต่างๆ ในเวลากลางคืนและพบในพื้นที่ในป่าดิบชื้น ช่วงวัยเด็กจะใช้พื้นที่บนต้นไม้และบนพื้นดิน แต่เมื่อโตเต็มที่แล้วจะเคลื่อนที่บนพื้นดินเป็นส่วนใหญ่ เป็นงูที่ว่ายน้ำเก่ง สามารถอยู่ใต้น้ำได้นานครึ่งชั่วโมงก่อนที่จะขึ้นมาผิวน้ำเพื่อหายใจ เวลาที่ใช้ส่วนใหญ่จะซ่อนตัวในอยู่ใต้กลุ่มของไม้พุ่ม ที่อยู่ระหว่างต้นไม้ใหญ่,"เป็นสัตว์ป่าคุ้มครอง ตามพระราชบัญญัติสงวนและคุ้มครองสัตว์ป่า พุทธศักราช 2535, จัดให้อยู่ในกลุ่มสัตว์ที่เกือบอยู่ในข่ายใกล้สูญพันธุ์                                                                                                                                                                                                                                                                                                                                                                                                     ",https://dusit.zoothailand.org/animal_view.php?detail_id=604&c_id,
3,Sunbeam snakes,,Common_sunbeam_snake,งูแสงอาทิตย์,Xenopeltis unicolor ,มีขนาดเล็ก มีความยาวตั้งแต่หัวถึงปลายหางประมาณ 120 เซนติเมตรมีสีดำถึงสีน้ำตาลเข้ม ส่วนท้องมีสีขาว ส่วนหัวแบนเรียว ตาเล็ก หางสั้น ลักษณะเด่นคือเกล็ดลำตัวเรียบเป็นเงาแวววาบสะดุดตาเมื่อสะท้อนแสงแดด และ ในลูกงูแรกเกิดมีรอบคอเป็นสีขาวแตกต่างจากงูตัวโตเต็มวัย,อาศัยตั้งแต่พื้นที่ชุ่มน้ำบริเวณลุ่มน้ำจนถึงในป่าดิบชื้น,นก หนู กบ เขียด ลูกไก่ หรือแม้กระทั่งงูเห่าที่มีขนาดเล็กกว่า,-,เป็นสัตว์ป่าคุ้มครอง ตามกฎกระทรวงกำหนดให้สัตว์ป่าบางชนิดเป็นสัตว์ป่าคุ้มครองพ.ศ.2546,http://www.thaiwildlife.info/wildlife.php?Act=View&ID=1215,
4,Acrochordus granulatus,,Javan_wart_snake,งูงวงช้าง,Acrochordus javanicus     ,มีลำตัวขนาดใหญ่ โดยเพศผู้มีความยาวลำตัวรวม 1.50 เมตร ส่วนเพศเมียขนาดลำตัวจะใหญ่กว่าและความยาวลำตัวอาจยาวถึง 2.40 เมตร ผิวหนังไม่ยิดติดกับกล้ามเนื้อลำตัว เกล็ดตามลำตัวเรียงต่อเนื่องกันไม่ทับซ้อนกันและแต่ละเกล็ดจะปุ่มแหลมรูปสามเหลี่ยม เกล็ดท้องจะแตกต่างจากงูชนิดอื่นโดยมีขนาดและรูปร่างเช่นเดียวกับเกล็ดส่วนอื่นๆ โดยที่งูชนิดอื่นจะมีเกล็ดท้องขนาดใหญ่กว่าลำตัวส่วนอื่น หัวส่วนปลายจะแบนและกว้าง โดยรูจมูกจะอยู่ด้านบนของปลายจมูก หางสั้นและสามารถบังคับการเคลื่อนไหวได้ เช่นใช้จับเหยื่อ งูงวงช้างเป็นงูที่มีการวิวัฒนาการเพื่อดำรงชีวิตในน้ำ การคงสภาพของร่างกายจะมีน้ำเป็นตัวช่วยพยุง การอยู่บนบกเป็นสิ่งแวดล้อมที่ไม่เหมาะสม,อยู่ในพื้นที่น้ำกร่อยของแหล่งน้ำที่อยู่ใกล้ชายทะเล เช่น ทะเลสาบ แม่น้ำ ลำธาร ปากแม่น้ำ บางครั้งงูงวงช้างจะว่ายน้ำไปถึงทะเล มีการกระจายพันธุ์ในภาคใต้ของประเทศไทย ชายฝั่งตะวันตกของคาบสมุทรมาเลเซีย เกาะบอร์เนียว เกาะต่างๆ อินโดนีเซีย เช่น ชวา สุมาตรา บาหลี,กินปลาและสัตว์น้ำบางชนิด และมักออกหากินตอนกลางคืน ใช้การซุ่มดักจับเหยื่อ จับเหยื่อด้วยการพันตัวเหยื่อโดยใช้ส่วนลำตัวและเกล็ดที่มีปุ่มเพื่อช่วยยึดตัวเหยื่อไว้ แล้วงูงวงช้างจะใช้ลำตัวส่วนหน้าบิดหมุนเพื่อหามุมที่จะใช้ปากงับเพื่อจับกลืนเหยื่อ,ซ่อนตัวในเวลากลางวัน และจะมีกิจกรรมต่างๆ ในเวลากลางคืน ลักษณะของผิวหนังที่ไม่ยึดกับกล้ามเนื้อจะเป็นข้อจำกัดในการเคลื่อนที่บนบกใช้เวลาส่วนใหญ่อยู่ในน้ำ ขึ้นมาบนบกน้อย โดยจะอยู่ในน้ำ และอยู่ใต้น้ำได้นานถึง 40 นาที เมื่อต้องการหายใจจะลอยตัวขึ้นมาที่ผิวน้ำ และให้ส่วนปลายจมูกอยู่เหนือผิวน้ำเพื่อหายใจนาน 15-20 นาที,สิ่งมีชีวิตที่มีความเสี่ยงต่ำต่อการสูญพันธุ์             ,"https://dusit.zoothailand.org/animal_view.php?detail_id=230&c_id=""",
5,Homalopsine water snakes,Mud snakes,Rainbow_mud_snake,งูสายรุ้ง,Enhydris enhydris,เป็นงูขนาดเล็ก มีความยาวตั้งแต่หัวถึงปลายหางประมาณ 40 เซนติเมตร หัวเล็ก คอเล็กกว่าหัว ลำตัวอ้วนใหญ่ ตัวกลม พื้นลำตัวสีน้ำตาล มีลายสีดำ ชมพูสลับ เหลือง เป็นแนวยาวตลอดตัว ถึงปลายหาง ท้องสีขาวอมเหลือง หางเรียวสั้น มีฟันหน้า ทั้งบนและฟันล่าง ยาวเหมือนเขี้ยว โดยเขี้ยวบนยาวกว่าเขี้ยวล่าง ผิวเป็นเงามันสะท้อนแสงเหมือนสีรุ้ง ลูกตาดำ กลมเล็กลิ้น สีชมพูอ่อน,อาศัยอยู่ตามแหล่งน้ำจืดเช่นคลองแม่น้ำหนองน้ำบ่อน้ำทะเลสาบและอ่างเก็บน้ำ,กินปลาเป็นอาหาร (ปลาเป็น/ปลาตาย/เนื้อปลา),-,สิ่งมีชีวิตที่มีความเสี่ยงต่ำต่อการสูญพันธุ์,http://www.thaiwildlife.info/wildlife.php?Act=View&ID=1240,
6,Colubrid snakes,Racers,Copperhead_racer,งูทางมะพร้าว,Coelognathus radiatus,ลำตัวมีสีน้ำตาลอมเหลืองหรือสีน้ำตาลอมเทา มีลายเป็นทางยาวสีดำ 4 เส้นพาดจากส่วนคอแล้วค่อยๆ จางไปทางกึ่งกลางลำตัว ส่วนหัวมีสีน้ำตาลแดงและมีเส้นสีดำ 3 เส้นพาดแผ่เป็นรัศมีออกจากมุมตา,ชอบอาศัยอยู่ตามพื้นดิน แต่สามารถขึ้นต้นไม้ได้สูง,อาหารประเภทหนูและนก,ออกหากินในเวลากลางวันตามป่าหญ้ารกและบนต้นไม้ บางครั้งพบตามยุ้งข้าว และบางครั้งก็อาจพบบนบ้าน ปกติไม่ดุ แต่ถ้าตกใจและถูกขัดจะแว้งกัด,เป็นสัตว์ป่าคุ้มครอง ตามพระราชบัญญัติสงวนและคุ้มครองสัตว์ป่า พุทธศักราช 2535,https://saovabha.org/service_saovabha/Snake-Classification,
7,Colubrid snakes,Rat snakes,Oriental_rat_snake,งูสิงหางลาย,Ptyas mucosa,เป็นงูขนาดกลาง หัวสีน้ำตาล ลำตัวสีน้ำตาลอ่อน ดวงตาสีดำขนาดใหญ่เด่นชัดกว่างูอื่น ๆ เกล็ดตามลำตัวเรียบเป็นมัน,อาศัยอยู่ได้ในสภาพป่าที่หลากหลาย และบางครั้งพบในถิ่นที่อยู่อาศัยของมนุษย์,หนู จิ้งจก กบ นก และสัตว์ขนาดเล็ก,-,เป็นสัตว์ป่าคุ้มครอง ตามกฎกระทรวงกำหนดให้สัตว์ป่าบางชนิดเป็นสัตว์ป่าคุ้มครองพ.ศ.2546,"https://korat.zoothailand.org/animal_view.php?detail_id=705&c_id=""",
8,Colubrid snakes,Rat snakes,Indochinese_rat_snake,งูสิงธรรมดา,Ptyas korros,ดวงตากลมโต ตลอดลำตัวมีสีน้ำตาลอ่อนๆมีลายคาดสีขาวจางๆ แต่จะเห็นลายชัดตอนยังเป็นวัยเด็ก ส่วนท้องมีสีขาวอมเหลือง,พบได้ทั่วไปในประเทศไทย,สัตว์เลี้ยงลูกด้วยน้ำนมขนาดเล็กเช่น หนู กิ้งก่า จิ้งเหลน,ตอนกลางวันมักพบหาอาหารอยู่ตามพื้นดิน ตอนกลางคืนจะชอบขึ้นไปนอนบนต้นไม้ บริเวณปลายกิ่งเพราะหากมีภัยมาคุกคาม มันจะสามารถรู้ตัวและหลบหนีได้อย่างทันท่วงที,เป็นสัตว์ป่าคุ้มครอง ตามพระราชบัญญัติสงวนและคุ้มครองสัตว์ป่า พุทธศักราช 2535      ,http://www.thaiwildlife.info/wildlife.php?Act=View&ID=1312,
9,Colubrid snakes,Kukri snakes,Small_banded_kukri_snake,งูปี่แก้วลายแต้ม,Oligodon fasciolatus,ลําตัวมีด้านบนของหัว และบนหลังเป็นพื้นสีเทาหรือสีน้ําตาลเทาหรือสีน้ําตาลหรือสีน้ําตาลแดง บริเวณส่วนปลายของหัว มีแถบสีเข้มจากขอบปากบนผ่านตา แล้วพาดขวางด้านบนของหัวไปด้านตรงข้าม ตัวแถบที่อยู่ตรงกลางหัวขยายกว้าง ทางด้านท้ายตามีแถบกว้างสีเข้มพาดเฉียงลงไปที่มุมขากรรไกร,"เชียงใหม่(ดอยสุเทพ) นครราชสีมา(สะแกราช) อุบลราชธานี(ยอดโดม) สระแก้ว(ตาพระยา) จันทบุรี(เขาสระบาป,เขาสอยดาว) ชลบุรี(บางละมุง) กรุงเทพฯ ชุมพร นครศรีธรรมราช(ลานสะกา)",หนู กบ เขียด งูเล็กๆ,ใช้เขี้ยวกรีดเปลือกไข่สัตว์เลื้อยคลานแล้วดูดกิน,สิ่งมีชีวิตที่มีความเสี่ยงต่ำต่อการสูญพันธุ์,https://dusit.zoothailand.org/animal_view.php?detail_id=622&c_id=,
10,Colubrid snakes,Kukri snakes,Striped_kukri_snake,งูงอดไทย,Oligodon taeniatus,เป็นงูบกขนาดเล็กไม่มีพิษ หัวกลมเรียว มีแถบน้ำตาลเข้ม ลากจากบนหัวไปถึงแก้ม คอเล็ก กว่าหัว และลำตัวเล้กน้อย ที่ตาจะมีแถบสีน้ำตาลจากตาซ้ายลากผ่านเหนือจมูกมายังตาขวา และใต้คอมีสีขาว พื้นตัวสีน้ำตาลอ่อน กลางสันหลังมีแถบสีน้ำตาล เข้ม สอง แถว ท้องส่วนมากเป็นสีชมพูหรืออาจเป็นสีขาวและมีจุดรูปสามเหลี่ยมเล็กสีดำกระจายใต้ หางสีชมพู,ประเทศไทยพบทางภาคใต้ภาคกลาง และภาคตะวันออกเฉียงเหนือ,กบ เขียด คางคก,ออกหากินเวลากลางวันอยู่บนพื้นดิน เนื่องจากมีขนาดตัวเล็กจึงเลื้อยหากินอยู่ตามซอกหรือรอยแยกของดินและไม่ใคร่พบเห็นตัว เมื่อถูกรบกวนจะม้วนส่วนปลายของหางเป็นวงและพลิกด้านใต้หางที่เป็นสีชมพูขึ้นมา,สิ่งมีชีวิตที่มีความเสี่ยงต่ำต่อการสูญพันธุ์,https://thbif.onep.go.th/taxons/information/7245,
11,Colubrid snakes,Tree snakes,Golden_tree_snake,งูเขียวพระอินทร์,Chrysopelea ornata,เป็นงูบก หัวกลม ว่องไวปราดเปรียว เลื้อยเร็ว ลำตัวสีเขียวอ่อน มีลายดำตลอดตัว หัวมีลายมากจนดูคล้ายกับมีหัวสีดำ ใต้คางสีขาว ใต้ท้องสีเขียวอ่อนหรือเหลืองอ่อนๆใต้หางมีลายดำเป็นจุด ๆ มีพิษ อ่อนแต่ไม่ร้ายแรงมาก,พบได้ทุกภาคของประเทศไทยในบริเวณพื้นที่ที่มีความสูงมากกว่า 550 เมตร,กิ้งก่า จิ้งจก ลูกนก หนู งูที่เล็กกว่าบางชนิด และแมลงต่างๆบางครั้งหาอาหารกินไม่ได้ก็ใช้วิธีบังคับแย่งอาหารกินจากตุ๊กแก,อาศัยอยู่ตามซอกมุมบ้าน ซุ้มไม้ โพรงไม้ ออกหากินในเวลากลางวัน เป็นงูที่ว่องไวปราดปรียวสามารถเลื้อยแบบพุ่งตัวหรือร่อนตัวไปมาระหว่างต้นไม้สูงได้,-,https://dusit.zoothailand.org/animal_view.php?detail_id=207&c_id=,
12,Colubrid snakes,Wolf snakes & bridle snakes,Laotian_wolf_snake,งูปล้องฉนวนลาว,Lycodon laoensis,มีขนาดความยาวถึง 50 เซนติเมตร หัวค่อนข้างเล็กและแบนต่ำลงไปทางปลายจมูก ลำตัวสีดำสลับกับสีเหลืองเป็นปล้องสั้น โดยเฉพาะจากหัวถึงกลางลำตัว เห็นปล้องสีเหลืองชัดเจน,พบในจังหวัดเชียงใหม่ เลย ชัยภูมิ นครราชสีมา จันทบุรี ตราด อุทัยธานี เพชรบุรี และประจวบคีรีขันธ์,จิ้งจก จิ้งเหลน ,เป็นงูไม่มีพิษ ไม่มีอันตราย ออกหากินตามพื้นดิน,สิ่งมีชีวิตที่มีความเสี่ยงต่ำต่อการสูญพันธุ์,http://www.thaiwildlife.info/wildlife.php?Act=View&ID=1292,
13,Colubrid snakes,Cat snakes,Western_mangrove_cat_snake,งูปล้องทอง,Boiga dendrophila melanota,ลำตัวเป็นสามเหลี่ยมเล็กน้อย ตัวโต คางใหญ่ ลำตัวมีสีดำสนิทสลับเหลืองเป็นระยะ ริมฝีปากถึงใต้คางสีเหลืองสด ลำตัวด้านบนมีสีดำ ที่มีแถบวงแหวนสีเหลืองคาดบนลำตัวและหาง โดยลำตัวมี บริเวณริมฝีปาก แถบ 10 แถบ และหางมี 45-35 และลำคอมีสีเหลือง ท้องมีสีเทา ลำตัวมีขนาดใหญ่หนา หัวแยกจากลำคอชัดเจน จมูกสั้นและค่อนข้างกลม ตามีขนาดใหญ่ที่มีลูกตาดำมีลักษณะเป็นแนวดิ่ง หลังเรียบ,ประเทศไทยมีชุกชุมในจังหวัดทางภาคใต้,หนู ปลา กิ้งก่า ลูกนก ไข่,ชอบขดตัวนอนตามคบไม้ โพรงไม้ชื้น ๆ ออกหากินเวลากลางคืน โดยเฉพาะพบชุกชุมตามป่าโกงกาง บางครั้งหากินบนต้นไม้เหมือนกัน กลางวันซึมเซา แต่กลางคืนปราดเปรียว,สิ่งมีชีวิตที่มีความเสี่ยงต่ำต่อการสูญพันธุ์,https://dusit.zoothailand.org/animal_view.php?detail_id=217&c_id=,
14,Colubrid snakes,Keelbacks,Yellow_spotted_keelback,งูลายสอบ้าน,Fowlea flavipunctatus,เป็นงูขนาดกลาง ส่วนหัว และลำตัว มีสีน้ำตาลอมเขียว หรือสีเขียวมะกอก มีสีน้ำตาลอมเทา มีลายสีดำแซม บางตัวมีแทบสีแดงส้มๆแซมบริเวณข้างลำตัว ท้องสีขาว และมีแถบสีดำ,ในประเทศไทยพบได้ทุกภาคของประเทศใกล้แหล่งน้ํา,กบ เขียด ลูกอ็อด และปลา,หากินเวลากลางวันในพื้นที่ใกล้แหล่งน้ำนิสัยดุและฉกกัดถ้าเข้าไปใกล้ ช่วงเวลาที่เลื้อยและต้องการให้เร็วขึ้นจะพุ่งให้ลำตัวยกสูงขึ้นมาจากพื้นดินเป็นระยะ ว่ายน้ำได้เร็วและดำน้ำ ได้นาน,สิ่งมีชีวิตที่มีความเสี่ยงต่ำต่อการสูญพันธุ์,http://thai-snake.blogspot.com/2016/06/xenochrophis-flavipunctatus.html,
15,Colubrid snakes,Asian keelbacks,Siamese_red_necked_keelback,งูลายสาบคอแดง,Rhabdophis subminiatus,หัวสีเขียวอมน้ำตาลหรือสีเขียวอมเทาปากสีเหลือง มีลายเส้นสีดำจากตาไปยังปาก ลำตัวสีน้้าตาลอมเขียว หนังสีดำและสีเหลืองเกล็ดตัวบางเกล็ดมีขอบสีดำ และเหลือง ทำให้มองเห็นลำตัวมีลายคล้ายตาหมากรุก บางตัวสีน้ำตาล มีลายพาดสีน้ำตาลเข้มตลอดความยาว ตัวคอสีแดงในตัวไม่เต็มวัยมีแถบสีดำ,อาศัยอยู่ตามพื้นบริเวณกองใบไม้พูพอนหรือซอกหินริมลำธาร ในป่าดิบชื้น ป่าดิบแล้ง ป่าเต็งรัง แหล่งเกษตรกรรมและชุมชน,กบ และแมลงบางชนิด,หากินตามพื้นในเวลากลางวัน,สิ่งมีชีวิตที่มีความเสี่ยงต่ำต่อการสูญพันธุ์,https://www.zoothailand.org/animal_view.php?detail_id=630,
16,Terrestrial elapids,Kraits,Malayan_krait,งูทับสมิงคลา,Bungarus candidus,มีลายสีขาวสลับกับสีดำ ในบางตัวเกล็ดสีขาวมีสีดำแซม งูทับสมิงคลาเต็มวัยบางตัวมีสีขาวอมเหลืองอ่อนๆ สลับกับสีดำ ท้องมีสีขาว ลายสีดำจะไม่คาดถึงท้องแบบงูสามเหลี่ยม เกล็ดกลางสันหลังเป็นเกล็ดขนาดใหญ่ลักษณะเป็นรูปหกเหลี่ยม,ในประเทศไทยพบทุกภาคของประเทศตามพื้นล่างของป่าที่ใกล้ลําห้วยหรือแหล่งน้ํา,"งู,สัตว์เลื้อยคลานจำพวกจิ้งจก ตุ๊กแก และสัตว์สะเทินน้ำสะเทินบก",ออกหากินเวลากลางคืนตามพื้นล่างของป่าที่ใกล้ลําห้วยหรือในพื้นที่ห่างไกลจากลําห้วยแต่มีความชุ่มชื้น เวลากลางวันหลบซ่อนตัวอยู่ใต้ขอนไม้หรือในโพรง นิสัยประการอื่นเหมือนกับงูสามเหลี่ยม,สิ่งมีชีวิตที่มีความเสี่ยงต่ำต่อการสูญพันธุ์,https://www.zoothailand.org/animal_view.php?detail_id=612,
17,Terrestrial elapids,Cobras,Monocled_cobra,งูเห่าไทย,Naja kaouthia,ขนาดตัวใหญ่ หัวสั้นและแบน ส่วนของหัวกว้างใกล้เคียงกับลำคอ ส่วนปลายของหัวมน ตาค่อนข้างเล็ก สีลำตัวแปรผัน เช่นพื้นสีดำ มีลายคาดขวางสีครีมตลอดลำตัว หรือมีลำตัวสีเขียวอมเทา บางพื้นที่มีสีลำตัวน้ำตาลอ่อนถึงเข้ม ไปจนถึงสีครีม และด้านหลังของคอมีลวดลายสีครีมหรือสีขาว,พื้นที่ราบลุ่มค่อนข้างชื้น หรือพื้นที่เกษตรกรรม แต่ยังพบได้ในพื้นที่ลักษณะต่างๆ รวมถึงชุมชนเมืองใหญ่ในกรุงเทพมหานครด้วย,นก หนู กบ เขียด ลูกไก่ แม้กระทั่งงู ชอบกินคางคกเป็นพิเศษ,เป็นงูที่มีชื่อเสียงในด้านความรุนแรงของพิษ และพบได้ไม่ยากนัก ออกหากินเวลาพลบค่ำตามพื้นดิน แต่สามารถว่ายน้ำหรือขึ้นต้นไม้ได้ดี,สิ่งมีชีวิตที่มีความเสี่ยงต่ำต่อการสูญพันธุ์,https://khaokheow.zoothailand.org/animal_view.php?detail_id=613&c_id=,
18,Terrestrial elapids,King cobra,King_cobra,งูจงอาง,Ophiophagus hannah,เป็นงูพิษที่มีขนาดใหญ่ที่สุดในโลก หัวกลมทู่ใหญ่ แผ่แม่เบี้ยได้ ไม่มีลายดอกจันอย่างงูเห่า แต่ทำเสียงขู่คล้ายงูเห่า ลำตัวเรียวยาว เป็นงูสีน้ำตาลแดงอมเขียวเป็นส่วนมาก สีอื่นมีบ้าง ท้องของงูจงอางเหลืองเกือบขาว ใต้คอมักมีสีแดงหรือส้ม,ประเทศไทยมีมากในป่าจังหวัดนครสวรรค์ เพชรบูรณ์ และนครราชศรีมา,ชอบกินงูเป็นๆ มาก นอกจากนี้มี หนู กบ ตะกวด,"เป็นงูที่มีนิสัยดุ ปกติเลื้อยช้า แต่ว่องไวปราดเปรียวเมื่อตกใจ จะชูคอขึ้นสูงแค่เอวประมาณ 1 ใน 3 ของความยาวลำตัว แผ่แม่เบี้ย ขู่ฟ่อ ๆ เมื่อเข้าใกล้ มักอาศัยอยู่ในป่า ปกติไม่ปรากฏพบตามเรือกสวนไร่นา เป็นงูที่รู้จักทำรังวางไข่",สิ่งมีชีวิตที่เกือบอยู่ในข่ายใกล้การสูญพันธุ์,https://dusit.zoothailand.org/animal_view.php?detail_id=215&c_id=,
19,Terrestrial elapids,Kraits,Banded_krait,งูสามเหลี่ยม,Bungarus fasciatus,หัวกลม ลำตัวเรียวยาว ปลายหางมักทู่ บางตัวหัวแบนเล็กน้อย ลำตัวเป็นสันสามเหลี่ยมชัดเจน เลื้อยช้าแต่ว่ายน้ำได้เร็ว เป็นงูที่มีความว่องไวปราดเปรียวในน้ำ สีของลำตัวเป็นปล้องดำสลับเหลืองทั้งตัว เวลากัดไม่มีการแผ่แม่เบี้ยเหมือนงูเห่า หรืองูจงอาง,พบได้ในทุกภาคของประเทศไทย,ชอบกินงูขนาดเล็ก รวมทั้งกิน หนู กบ เขียด ปลา,ชอบขดนอนตามโคนกอไผ่ ละเมาะไม้ พงหญ้าริมน้ำ ออกหากินในเวลาพลบค่ำจนถึงกลางคืนตามลำน้ำ เป็นงูที่ไม่ดุ ไม่ฉกกัด นอกจากคนเดินไปเหยียบหรือเดินผ่านขณะที่งูสามเหลี่ยมกำลังไล่กัดงูซึ่งเป็นอาหารของมัน ปกติกลางวันซึมเซา กลางคืนว่องไว,สิ่งมีชีวิตที่มีความเสี่ยงต่ำต่อการสูญพันธุ์,https://dusit.zoothailand.org/animal_view.php?detail_id=220&c_id=,
20,Terrestrial elapids,Long-glanded coral snakes,Small_spotted_coral_snake,งูปล้องหวายหัวดำ,Calliophis maculiceps maculiceps,ลำตัวสีส้มแดง สีน้ำตาล หรือเขียวขี้ม้า และมีจุดสีดำขนาดเล็ก หรือบางตัวเป็นจุดใหญ่ เรียงเป็นคู่ข้างแนวกลางหลัง ปลายหางมีจุดแต้มสีดำ 2 จุด ด้านท้องเป็นสีชมพูอมส้ม ยกเว้นช่วงปลายหางเป็นสีขาวแซมจุดดำ,พบได้ทั่วทุกภาคของไทย,สัตว์เลื้อยคลานขนาดเล็กเป็นอาหาร เช่น งูดิน จิ้งเหลนเรียว,มีพิษอันตราย แต่นิสัยไม่ดุ ไม่ก้าวร้าว เมื่อโดนคุกคามจะม้วนปลายหางขึ้นจนเห็นด้านใต้หางที่เป็นสีขาวแซมจุดดำ เพื่อเบี่ยงเบนความสนใจของศัตรู เป็นงูที่ออกหากินกลางคืน,สิ่งมีชีวิตที่มีความเสี่ยงต่ำต่อการสูญพันธุ์,http://www.thaiwildlife.info/wildlife.php?Act=View&ID=1351,
21,Pit vipers & vipers,Green pit vipers,Large_eyed_pit_viper,งูเขียวหางไหม้ตาโต,Trimeresurus macrops,มีความยาวประมาณ 1.2-1.8 เมตร (4-6 ฟุต) ลำตัวทรงกลมและมีลวดลายสีเขียวเงินที่สวยงามที่อยู่ตามลำตัว สีของลำตัวเป็นสีเขียวหรือสีน้ำตาลอ่อน หางมีลักษณะแบนและด้านปลายหางมีลวดลายสีส้มหรือแดง,"พบในประเทศไทย กัมพูชา และเวียดนาม การแพร่กระจายในไทย นครราชสีมา (ปากช่อง, สะแกราช); จันทบุรี (เขาสระบาป, เขาสอยดาว); สิงห์บุรี (พรหมบุรี); กรุงเทพฯ (บางเขน); ปทุมธานี (รังสิต); สมุทรปราการ (อ.เมือง)",สัตว์เลื้อยคลานเช่น ตุ๊กแก และตัวของแมลง,ออกหากินเวลากลางคืนทั้งบนพื้นดินและบนต้นไม้หรือพุ่มไม้ในระดับต่ํา ส่วนมากพบหากิน ในพื้นที่ป่าที่มีกลุ่มไม้หนาแน่นและค่อนข้างชุ่มชื้น มักเกาะนิ่งอยู่กับที่โดยใช้หางที่มีกล้ามเนื้อแข็งแรงยึดพันกิ่งไม้หรือวัสดุ/วัตถุไว้ แต่ถ้าอยู่บนพื้นดินมักขดตัวเป็นวงแคบ ตรวจหาเหยื่อโดยใช้แอ่งรับรู้คลื่นความร้อนอินฟราเรดจากตัวเหยื่อ เมื่อถูกรบกวนทั้งในเวลากลางวันและในเวลากลางคืนจะไม่ค่อยเลื้อยหลบหนีแต่จะเลื้อยห่างออกไปหรือให้พ้นจากการถูกรบกวน,สิ่งมีชีวิตที่มีความเสี่ยงต่ำต่อการสูญพันธุ์,https://dusit.zoothailand.org/animal_view.php?detail_id=609&c_id=,
22,Pit vipers & vipers,Pit vipers,Malayan_pit_viper,งูกะปะ,Calloselasma rhodostoma,ส่วนหัวและล้าตัวด้านบนเป็นสีน้้าตาลแดงหรือสีน้้าตาลเทา มีลายเข้มเป็นรูปสามเหลี่ยมปลายจรดที่สันหลัง ปากมีสีขาว มีเส้นขาวจากเกล็ดปลายปากบนพาดมาถึงที่สุดขากรรไกร ปลายหางมีสีคล้ำ หัวใหญ่เป็นสามเหลี่ยม ปลายจมูกแหลมเชิดขึ้นเล็กน้อย คอเล็ก,พบได้ทั่วประเทศไทย,"สัตว์ขนาดเล็ก เช่น หนู, นก หรือสัตว์เลื้อยคลานขนาดเล็ก",ชอบอาศัยในดินปนทรายที่มีใบไม้หรือเศษซากไม้ทับถมกันเพื่อซ่อนตัว ด้วยสีสันและลวดลายจึงทำให้กลมกลืนกับสภาพแวดล้อมได้อย่างดีเยี่ยมเป็นงูที่ไม่ปราดเปรียว เวลาตกใจจะงอตัวหรือขดนิ่ง แต่ฉกกัดรวดเร็วมาก ,สิ่งมีชีวิตที่มีความเสี่ยงต่ำต่อการสูญพันธุ์,https://khaokheow.zoothailand.org/animal_view.php?detail_id=608&c_id=,
23,Pit vipers & vipers,True vipers,Eastern_Russell's_viper,งูแมวเซา,Dabonia russellii,หัวสามเหลี่ยม ลำตัวอ้วนสั้น หางสั้น เวลาตกใจมักขดตัวเตรียมสู้และระวังตัว เป็นงูสีน้ำตาลอ่อนอมเทา มีเกล็ดสีชมพูแซมบริเวณสีข้าง มีลายลักษณะทรงกลมสีน้ำตาลเข้มตลอดทั้งตัว เป็นงูพิษทางระบบโลหิต,พบมากที่ ธนบุรี นนทบุรี สระบุรี อยุธยา อ่างทอง สมุทรปราการ ลพบุรี สิงห์บุรี และนครสวรรค์,กินหนู กบ เขียด จิ้งเหลน กิ้งก่า แย้,ชอบอยู่ตามที่ราบแห้งๆเชิงเขาที่เป็นดินปนทราย ตามที่ดอน บางทีพบตามซอกหิน โพรงดิน ใต้กอหญ้าใหญ่ๆ ออกหากินไม่ไกลจากที่อยู่ เชื่องช้าไม่ปราดเปรียว ดุ ส่วนใหญ่ออกหากินเวลากลางคืนแต่ในที่เย็นๆกลางวันก็ออกหากินด้วยเมื่อถูกศัตรูคุกคามจะขดตัวเป็นวงแล้วทำเสียงขู่โดยการสูบลมเข้าไปในตัวจนตัวพองแล้วพ่นลมออกมาทางรูจมูกแรงๆเป็นเสียงดังฟังดูน่ากลัวและสามารถฉกกัดได้อย่างรวดเร็ว,สิ่งมีชีวิตที่มีความเสี่ยงต่ำต่อการสูญพันธุ์,https://www.zoothailand.org/animal_view.php?detail_id=219&c_id=,
,,,,,,,,,,,,----------------------------------------------------------------------------------->
,อ้างอิงหมวดหมู่งู,,,,,,,,,,,
,https://www.thainationalparks.com/list-of-snakes-in-thailand,,,,,,1. ไม่เอาอ้างอิงที่ไม่เป็นทางการ และ ไม่รู้ว่าใครเป็นคนให้ข้อมูล เช่น Facebook และ เว็บ .pdf  ทั้งหลาย,,,,,
,,,,,,,"2. ตรวจสอบความถูกต้องของข้อมูลทุกช่อง ใส่ข้อมูลให้ครบถ้วน ทั้งคำที่ใช้ และ ความสัมพันธ์ของข้อมูล 
เช่น ข้อมูลรายละเอียดจะต้องตรงกับงูชนิดนั้นและเว็บที่เอามาอ้างอิงจริงๆ",,,,,
,,,,,,,"3. ตรวจสอบคำที่นำมาใส่ ""ควรเป็นไปในทิศทางเดียวกัน และ ไม่ซ้ำซ้อน""
เช่น ช่องรายละเอียดของงูต่างๆ ไม่จำเป็นต้องมีชื่องูอยู่ในช่องนั้นแล้ว เพราะมีช่องชื่องูไปแล้ว",,,,,
,การจำแนกงู,,,,,,,,,,,
,https://web.facebook.com/pagetanbabasnake/photos/a.349123848522497/486771361424411/?type=3&_rdc=1&_rdr,,,,,,,,,,,